[
  {
    "id": "chart",
    "panelTitle": "Chart settings",
    "panes": [
      {
        "title": "Chart type and interaction",
        "options": [
          {
            "fullname": "chart.type"
          },
          {
            "fullname": "chart.inverted"
          },
          {
            "fullname": "chart.animation"
          },
          {
            "fullname": "chart.zoomType",
            "title": "zooming"
          },
          {
            "fullname": "plotOptions.series.stacking",
            "title": "stacking"
          },
          {
            "fullname": "plotOptions.series.step",
            "title": "step(line)"
          }
        ]
      },
      {
        "title": "Size and margins",
        "options": [
          {
            "fullname": "chart.width"
          },
          {
            "fullname": "chart.height"
          },
          {
            "fullname": "chart.spacingTop"
          },
          {
            "fullname": "chart.spacingRight"
          },
          {
            "fullname": "chart.spacingBottom"
          },
          {
            "fullname": "chart.spacingLeft"
          }
        ]
      }
    ]
  },
  {
    "id": "titles",
    "panelTitle": "Titles",
    "panes": [
      {
        "title": "Main titles",
        "options": [
          {
            "fullname": "title.text",
            "title": "chart title"
          },
          {
            "fullname": "subtitle.text",
            "title": "chart subtitle"
          }
        ]
      }
    ]
  },
  {
    "id": "colorsAndBorders",
    "panelTitle": "Colors and borders",
    "panes": [
      {
        "title": "default colors",
        "options": [
          {
            "fullname": "colors",
            "title": "Series colors"
          }
        ]
      },
      {
        "title": "Chart area",
        "options": [
          {
            "fullname": "chart.backgroundColor"
          },
          {
            "fullname": "chart.borderWidth"
          },
          {
            "fullname": "chart.borderRadius"
          },
          {
            "fullname": "chart.borderColor"
          }
        ]
      },
      {
        "title": "Plot area",
        "options": [
          {
            "fullname": "chart.plotBackgroundColor"
          },
          {
            "fullname": "chart.plotBackgroundImage"
          },
          {
            "fullname": "chart.plotBorderWidth"
          },
          {
            "fullname": "chart.plotBorderColor"
          }
        ]
      }
    ]
  },
  {
    "id": "axis",
    "panelTitle": "Axis",
    "panes": [
      {
        "title": "Axes setup",
        "options": [
          {
            "fullname": "chart.inverted"
          }
        ]
      },
      {
        "title": "X axis",
        "options": [
          {
            "fullname": "xAxis.title.text"
          },
          {
            "fullname": "xAxis.type"
          },
          {
            "fullname": "xAxis.categories"
          },
          {
            "fullname": "xAxis.min"
          },
          {
            "fullname": "xAxis.max"
          },
          {
            "fullname": "xAxis.opposite"
          },
          {
            "fullname": "xAxis.reversed"
          },
          {
            "fullname": "xAxis.tickWidth"
          },
          {
            "fullname": "xAxis.tickInterval"
          },
          {
            "fullname": "xAxis.labels.enabled",
            "title": "labels"
          },
          {
            "fullname": "xAxis.labels.format",
            "title": "label format"
          },
          {
            "fullname": "xAxis.labels.rotation"
          },
          {
            "fullname": "xAxis.labels.align"
          },
          {
            "fullname": "xAxis.plotLines",
            "options": [
              {
                "fullname": "xAxis.plotLines.color"
              },
              {
                "fullname": "xAxis.plotLines.dashStyle"
              },
              {
                "fullname": "xAxis.plotLines.label.text"
              },
              {
                "fullname": "xAxis.plotLines.value"
              },
              {
                "fullname": "xAxis.plotLines.width"
              },
              {
                "fullname": "xAxis.plotLines.zIndex"
              }
            ]
          },
          {
            "fullname": "xAxis.plotBands",
            "options": [
              {
                "fullname": "xAxis.plotBands.color"
              },
              {
                "fullname": "xAxis.plotBands.label.text"
              },
              {
                "fullname": "xAxis.plotBands.from"
              },
              {
                "fullname": "xAxis.plotBands.to"
              }
            ]
          }
        ]
      },
      {
        "title": "Value axis",
        "options": [
          {
            "fullname": "yAxis.title.text"
          },
          {
            "fullname": "yAxis.title.style.color"
          },
          {
            "fullname": "yAxis.type"
          },
          {
            "fullname": "yAxis.min"
          },
          {
            "fullname": "yAxis.max"
          },
          {
            "fullname": "yAxis.minColor"
          },
          {
            "fullname": "yAxis.maxColor"
          },
          {
            "fullname": "yAxis.opposite"
          },
          {
            "fullname": "yAxis.reversed"
          },
          {
            "fullname": "yAxis.tickWidth"
          },
          {
            "fullname": "yAxis.tickInterval"
          },
          {
            "fullname": "yAxis.labels.enabled",
            "title": "labels"
          },
          {
            "fullname": "yAxis.labels.format"
          },
          {
            "fullname": "yAxis.labels.rotation"
          },
          {
            "fullname": "yAxis.labels.style.format"
          },
          {
            "fullname": "yAxis.labels.style.color"
          },
          {
            "fullname": "yAxis.plotLines",
            "options": [
              {
                "fullname": "yAxis.plotLines.color"
              },
              {
                "fullname": "yAxis.plotLines.dashStyle"
              },
              {
                "fullname": "yAxis.plotLines.label.text"
              },
              {
                "fullname": "yAxis.plotLines.value"
              },
              {
                "fullname": "yAxis.plotLines.width"
              },
              {
                "fullname": "yAxis.plotLines.zIndex"
              }
            ]
          },
          {
            "fullname": "yAxis.plotBands",
            "options": [
              {
                "fullname": "yAxis.plotBands.color"
              },
              {
                "fullname": "yAxis.plotBands.label.text"
              },
              {
                "fullname": "yAxis.plotBands.from"
              },
              {
                "fullname": "yAxis.plotBands.to"
              }
            ]
          },
          {
            "fullname": "yAxis.stops",
            "title": "Color stops (for solid gauge only)"
          }
        ]
      }
    ]
  },
  {
    "id": "series",
    "panelTitle": "Series",
    "panes": [
      {
        "title": "Series configuration",
        "options": [
          {
            "fullname": "series.name"
          },
          {
            "fullname": "series.type"
          },
          {
            "fullname": "series.index"
          },
          {
            "fullname": "series.stack"
          }
        ]
      },
      {
        "title": "axis",
        "options": [
          {
            "fullname": "series.xaxis"
          },
          {
            "fullname": "series.yaxis"
          }
        ]
      }
    ]
  },
  {
    "id": "valueLabels",
    "panelTitle": "Value labels",
    "panes": [
      {
        "title": "Value labels",
        "options": [
          {
            "fullname": "plotOptions.series.dataLabels.enabled",
            "title": "enable value labels for all series"
          },
          {
            "fullname": "plotOptions.series.dataLabels.format",
            "title": "data label format"
          }
        ]
      }
    ]
  },
  {
    "id": "legend",
    "panelTitle": "Legend",
    "panes": [
      {
        "title": "General",
        "options": [
          {
            "fullname": "legend.enabled"
          },
          {
            "fullname": "legend.layout"
          }
        ]
      },
      {
        "title": "Placement",
        "options": [
          {
            "fullname": "legend.align"
          },
          {
            "fullname": "legend.verticalAlign"
          }
        ]
      }
    ]
  },
  {
    "id": "tooltip",
    "panelTitle": "Tooltip",
    "panes": [
      {
        "title": "General",
        "options": [
          {
            "fullname": "tooltip.enabled"
          },
          {
            "fullname": "tooltip.followPointer"
          },
          {
            "fullname": "tooltip.headerFormat"
          },
          {
            "fullname": "tooltip.pointFormat"
          },
          {
            "fullname": "tooltip.valuePrefix"
          },
          {
            "fullname": "tooltip.valueSuffix"
          }
        ]
      },
      {
        "title": "Color and border",
        "options": [
          {
            "fullname": "tooltip.backgroundColor"
          },
          {
            "fullname": "tooltip.borderWidth"
          },
          {
            "fullname": "tooltip.borderRadius"
          },
          {
            "fullname": "tooltip.borderColor"
          }
        ]
      }
    ]
  },
  {
    "id": "exporting",
    "panelTitle": "Exporting",
    "panes": [
      {
        "title": "Exporting",
        "options": [
          {
            "fullname": "exporting.enabled"
          },
          {
            "fullname": "exporting.sourceWidth",
            "title": "exported width"
          },
          {
            "fullname": "exporting.sourceHeight",
            "title": "exported height"
          },
          {
            "fullname": "exporting.scale",
            "title": "scaling factor"
          }
        ]
      }
    ]
  },
  {
    "id": "credits",
    "panelTitle": "Credits",
    "panes": [
      {
        "title": "Credits",
        "options": [
          {
            "fullname": "credits.enabled",
            "title": "enable credits"
          },
          {
            "fullname": "credits.text",
            "title": "credits text"
          },
          {
            "fullname": "credits.href",
            "title": "link"
          }
        ]
      }
    ]
  }
]