[
  {
    "id": "line",
    "type": "Line charts",
    "icon": "line_basic",
    "templates": [
      {
        "id": "basic",
        "icon": "line_basic",
        "title": "Line chart",
        "desc": "Requires one column for X values or categories, subsequently one column for each series Y values.",
        "definition": {
          "chart": {
            "type": "line"
          },
          "xAxis": [
            {
              "type": "category"
            }
          ]
        }
      },
      {
        "id": "dataLabels",
        "icon": "line_labels",
        "title": "With data labels",
        "desc": "Requires one column for X values or categories, subsequently one column for each series Y values. Data labels by default displays the Y value.",
        "definition": {
          "chart": {
            "type": "line"
          },
          "xAxis": [
            {
              "type": "category"
            }
          ],
          "plotOptions": {
            "series": {
              "dataLabels": {
                "enabled": true
              }
            }
          }
        }
      },
      {
        "id": "spline",
        "icon": "spline_basic",
        "title": "Spline",
        "desc": "Requires one column for X values or categories, subsequently one column for each series Y values.",
        "definition": {
          "chart": {
            "type": "spline"
          },
          "xAxis": [
            {
              "type": "category"
            }
          ]
        }
      },
      {
        "id": "splineDataLabels",
        "icon": "spline_labels",
        "title": "Spline with labels",
        "desc": "Requires one column for X values or categories, subsequently one column for each series Y values.",
        "definition": {
          "chart": {
            "type": "spline"
          },
          "xAxis": [
            {
              "type": "category"
            }
          ],
          "plotOptions": {
            "series": {
              "dataLabels": {
                "enabled": true
              }
            }
          }
        }
      },
      {
        "id": "splineLogarithmic",
        "title": "Logarithmic",
        "desc": "Requires one column for X values or categories, subsequently one column for each series Y values.",
        "definition": {
          "chart": {
            "type": "spline"
          },
          "xAxis": [
            {
              "type": "category"
            }
          ],
          "yAxis": [
            {
              "type": "logarithmic"
            }
          ],
          "plotOptions": {
            "series": {
              "dataLabels": {
                "enabled": true
              }
            }
          }
        }
      },
      {
        "id": "step",
        "icon": "line_step",
        "title": "Step line",
        "desc": "Requires one column for X values or categories, subsequently one column for each series Y values.",
        "definition": {
          "chart": {
            "type": "line"
          },
          "xAxis": [
            {
              "type": "category"
            }
          ],
          "plotOptions": {
            "series": {
              "step": "left"
            }
          }
        }
      },
      {
        "id": "stepWithLabels",
        "icon": "line_step_labels",
        "title": "Step line with labels",
        "desc": "Requires one column for X values or categories, subsequently one column for each series Y values.",
        "definition": {
          "chart": {
            "type": "line"
          },
          "xAxis": [
            {
              "type": "category"
            }
          ],
          "plotOptions": {
            "series": {
              "step": "left",
              "dataLabels": {
                "enabled": true
              }
            }
          }
        }
      },
      {
        "id": "inverted",
        "icon": "line_inverted",
        "title": "Inverted",
        "desc": "Requires one column for X values or categories, subsequently one column for each series Y values.",
        "definition": {
          "chart": {
            "type": "line",
            "inverted": true
          },
          "xAxis": [
            {
              "type": "category"
            }
          ]
        }
      },
      {
        "id": "negativeColor",
        "icon": "line_negative_color",
        "title": "Negative color",
        "desc": "Requires one column for X values or categories, subsequently one column for each series Y values.",
        "definition": {
          "chart": {
            "type": "line"
          },
          "xAxis": [
            {
              "type": "category"
            }
          ],
          "plotOptions": {
            "series": {
              "negativeColor": "#ff0000"
            }
          }
        }
      },
      {
        "id": "errorBar",
        "icon": "line_errorbar",
        "title": "Error bar",
        "desc": "Requires one data column for X values or categories, subsequently one data column for the series Y values and two columns for the error bar series maximum and minimum.",
        "definition": {
          "chart": {
            "type": "line"
          },
          "xAxis": [
            {
              "type": "category"
            }
          ],
          "series": [
            {
              "type": null
            },
            {
              "type": "errorbar"
            }
          ]
        }
      },
      {
        "id": "datetime",

        "title": "Datetime",
        "desc": "Requires one data column for X values or categories, subsequently one data column for the series Y values and two columns for the error bar series maximum and minimum.",
        "definition": {
          "chart": {
            "type": "line"
          },
          "xAxis": [
            {
              "type": "datetime",
              "dateTimeLabelFormats": {
                "day": "%e of %b"
              }
            }
          ]
        }
      }
    ]
  },
  {
    "id": "area",
    "type": "Area charts",
    "icon": "area_basic",
    "templates": [
      {
        "id": "basic",
        "title": "Area Chart",
        "desc": "Requires one column for X values or categories, subsequently one column for each series Y values.",
        "definition": {
          "chart": {
            "type": "area"
          },
          "xAxis": [
            {
              "type": "category"
            }
          ],
          "plotOptions": {
            "series": {
              "marker": {
                "enabled": false
              }
            }
          }
        }
      },
      {
        "id": "withLabels",
        "icon": "area_basic_labels",
        "title": "Area with labels",
        "desc": "Requires one column for X values or categories, subsequently one column for each series Y values.",
        "definition": {
          "chart": {
            "type": "area"
          },
          "xAxis": [
            {
              "type": "category"
            }
          ],
          "plotOptions": {
            "series": {
              "dataLabels": {
                "enabled": true
              },
              "marker": {
                "enabled": false
              }
            }
          }
        }
      },
      {
        "id": "stacked",
        "icon": "area_stacked",
        "title": "Stacked",
        "desc": "Requires one column for X values or categories, subsequently one column for each series Y values.",
        "definition": {
          "chart": {
            "type": "area"
          },
          "xAxis": [
            {
              "type": "category"
            }
          ],
          "plotOptions": {
            "series": {
              "stacking": "normal",
              "marker": {
                "enabled": false
              }
            }
          }
        }
      },
      {
        "id": "stackedWithLabels",
        "icon": "area_stacked_labels",
        "title": "Stacked with labels",
        "desc": "Requires one column for X values or categories, subsequently one column for each series Y values.",
        "definition": {
          "chart": {
            "type": "area"
          },
          "xAxis": [
            {
              "type": "category"
            }
          ],
          "plotOptions": {
            "series": {
              "stacking": "normal",
              "dataLabels": {
                "enabled": true
              },
              "marker": {
                "enabled": false
              }
            }
          }
        }
      },
      {
        "id": "stackedPercentage",
        "icon": "area_stacked_percentage",
        "title": "Stacked percentage",
        "desc": "Requires one column for X values or categories, subsequently one column for each series Y values.",
        "definition": {
          "chart": {
            "type": "area"
          },
          "xAxis": [
            {
              "type": "category"
            }
          ],
          "plotOptions": {
            "series": {
              "stacking": "percent",
              "marker": {
                "enabled": false
              }
            }
          }
        }
      },
      {
        "id": "inverted",
        "icon": "area_inverted",
        "title": "Inverted",
        "desc": "Requires one column for X values or categories, subsequently one column for each series Y values.",
        "definition": {
          "chart": {
            "type": "area",
            "inverted": true
          },
          "plotOptions": {
            "series": {
              "marker": {
                "enabled": false
              }
            }
          },
          "xAxis": [
            {
              "type": "category"
            }
          ]
        }
      },
      {
        "id": "invertedWithLabels",
        "icon": "area_inverted_labels",
        "title": "Inverted with labels",
        "desc": "Requires one column for X values or categories, subsequently one column for each series Y values.",
        "definition": {
          "chart": {
            "type": "area",
            "inverted": true
          },
          "xAxis": [
            {
              "type": "category"
            }
          ],
          "plotOptions": {
            "series": {
              "stacking": "normal",
              "dataLabels": {
                "enabled": true
              },
              "marker": {
                "enabled": false
              }
            }
          }
        }
      },
      {
        "id": "stepLine",
        "icon": "area_step",
        "title": "Step line",
        "desc": "Requires one column for X values or categories, subsequently one column for each series Y values.",
        "definition": {
          "chart": {
            "type": "area"
          },
          "xAxis": [
            {
              "type": "category"
            }
          ],
          "plotOptions": {
            "series": {
              "step": "left",
              "marker": {
                "enabled": false
              }
            }
          }
        }
      },
      {
        "id": "negativeColor",
        "icon": "area_negative_color",
        "title": "Negative color",
        "desc": "Displays negative values with an alternative color. Colors can be set in plotOptions.series.negativeColor. Requires one column for X values or categories, subsequently one column for each series Y values.",
        "definition": {
          "chart": {
            "type": "area"
          },
          "xAxis": [
            {
              "type": "category"
            }
          ],
          "plotOptions": {
            "series": {
              "negativeColor": "#0088FF",
              "marker": {
                "enabled": false
              }
            }
          }
        }
      },
      {
        "id": "range",
        "title": "Area range",
        "icon": "area_range",
        "desc": "Requires one data column for X values or categories, subsequently two data column for each arearange series Y values.",
        "definition": {
          "chart": {
            "type": "arearange"
          },
          "xAxis": [
            {
              "type": "category"
            }
          ]
        }
      }
    ]
  },
  {
    "id": "column",
    "type": "Column charts",
    "icon": "column_basic",
    "templates": [
      {
        "id": "basic",
        "title": "Basic",
        "description": "Grouped column chart. Requires one data column for X values or categories, subsequently one data column for each series Y values.",
        "definition": {
          "chart": {
            "type": "column"
          },
          "xAxis": [
            {
              "type": "category"
            }
          ]
        }
      },
      {
        "id": "withLabels",
        "title": "With labels",
        "icon": "column_basic_labels",
        "description": "Grouped column chart. Requires one data column for X values or categories, subsequently one data column for each series Y values.",
        "definition": {
          "chart": {
            "type": "column"
          },
          "xAxis": [
            {
              "type": "category"
            }
          ],
          "plotOptions": {
            "series": {
              "dataLabels": {
                "enabled": true
              }
            }
          }
        }
      },
      {
        "id": "fixedPlacement",
        "title": "Column with fixed placement",
        "icon": "column_fixed_placement",
        "description": "Grouped column chart. Requires one data column for X values or categories, subsequently one data column for each series Y values.",
        "definition": {
          "chart": {
            "type": "column"
          },
          "yAxis": [
            {
              "min": 0,
              "title": {
                "text": "Employees"
              }
            },
            {
              "title": {
                "text": "Profit (millions)"
              },
              "opposite": true
            }
          ],
          "xAxis": [
            {
              "type": "category"
            }
          ],
          "tooltip": {
            "shared": true
          },
          "plotOptions": {
            "column": {
              "grouping": false,
              "shadow": false,
              "borderWidth": 0
            }
          },
          "series": [
            {
              "color": "rgba(165,170,217,1)",
              "pointPadding": 0.3,
              "pointPlacement": -0.2
            },
            {
              "color": "rgba(126,86,134,.9)",
              "pointPadding": 0.4,
              "pointPlacement": -0.2
            },
            {
              "color": "rgba(248,161,63,1)",
              "tooltip": {
                "valuePrefix": "$",
                "valueSuffix": " M"
              },
              "pointPadding": 0.3,
              "pointPlacement": 0.2,
              "yAxis": 1
            },
            {
              "color": "rgba(186,60,61,.9)",
              "tooltip": {
                "valuePrefix": "$",
                "valueSuffix": " M"
              },
              "pointPadding": 0.4,
              "pointPlacement": 0.2,
              "yAxis": 1
            }
          ]
        }
      },
      {
        "id": "stacked",
        "title": "Stacked",
        "icon": "column_stacked",
        "description": "Requires one data column for X values or categories, subsequently one data column for each series Y values.",
        "definition": {
          "chart": {
            "type": "column"
          },
          "plotOptions": {
            "series": {
              "stacking": "normal"
            }
          },
          "xAxis": [
            {
              "type": "category"
            }
          ]
        }
      },
      {
        "id": "stackedWithLabels",
        "title": "Stacked with labels",
        "icon": "column_stacked_labels",
        "description": "Requires one data column for X values or categories, subsequently one data column for each series Y values.",
        "definition": {
          "chart": {
            "type": "column"
          },
          "plotOptions": {
            "series": {
              "stacking": "normal",
              "dataLabels": {
                "enabled": true
              }
            }
          },
          "xAxis": [
            {
              "type": "category"
            }
          ]
        }
      },
      {
        "id": "stackedPercent",
        "title": "Stacked percent",
        "icon": "column_stacked_percentage",
        "description": "Requires one data column for X values or categories, subsequently one data column for each series Y values.",
        "definition": {
          "chart": {
            "type": "column"
          },
          "plotOptions": {
            "series": {
              "stacking": "percent"
            }
          },
          "xAxis": [
            {
              "type": "category"
            }
          ]
        }
      },
      {
        "id": "stackedPercentWithLabels",
        "title": "Stacked percent with labels",
        "icon": "column_stacked_percentage_labels",
        "description": "Requires one data column for X values or categories, subsequently one data column for each series Y values.",
        "definition": {
          "chart": {
            "type": "column"
          },
          "plotOptions": {
            "series": {
              "stacking": "percent",
              "dataLabels": {
                "enabled": true
              }
            }
          },
          "xAxis": [
            {
              "type": "category"
            }
          ]
        }
      },
      {
        "id": "negativeColor",
        "title": "Negative color",
        "icon": "column_negative_color",
        "desc": "Displays negative values with an alternative color. Colors can be set in plotOptions.series.negativeColor. Requires one column for X values or categories, subsequently one column for each series Y values.",
        "definition": {
          "chart": {
            "type": "column"
          },
          "plotOptions": {
            "series": {
              "negativeColor": "#FF0000"
            }
          },
          "xAxis": [
            {
              "type": "category"
            }
          ]
        }
      },
      {
        "id": "multiColor",
        "title": "Multi color",
        "desc": "Requires one data column for X values or categories, subsequently one data column for each series Y values.",
        "definition": {
          "chart": {
            "type": "column"
          },
          "plotOptions": {
            "series": {
              "colorByPoint": true
            }
          },
          "xAxis": [
            {
              "type": "category"
            }
          ]
        }
      },
      {
        "id": "logarithmic",
        "title": "Logarithmic",
        "desc": "Requires one data column for X values or categories, subsequently one data column for each series Y values.",
        "definition": {
          "chart": {
            "type": "column"
          },
          "xAxis": [
            {
              "type": "category"
            }
          ],
          "yAxis": [
            {
              "type": "logarithmic",
              "minorTickInterval": "auto"
            }
          ]
        }
      },
      {
        "id": "range",
        "title": "Columnrange",
        "icon": "column_range",
        "desc": "Requires one data column for X values or categories, subsequently two data columns for each series Y values.",
        "definition": {
          "chart": {
            "type": "columnrange"
          },
          "xAxis": [
            {
              "type": "category"
            }
          ]
        }
      },
      {
        "id": "rangeWithLabels",
        "title": "Columnrange with labels",
        "icon": "column_range_labels",
        "desc": "Requires one data column for X values or categories, subsequently two data columns for each series Y values.",
        "definition": {
          "chart": {
            "type": "columnrange"
          },
          "xAxis": [
            {
              "type": "category"
            }
          ],
          "plotOptions": {
            "series": {
              "dataLabels": {
                "enabled": true
              }
            }
          }
        }
      },
      {
        "id": "packed",
        "title": "Packed Columns",
        "icon": "column_packed",
        "desc": "Requires one data column for X values or categories, subsequently one data column for each series Y values.",
        "definition": {
          "chart": {
            "type": "column"
          },
          "plotOptions": {
            "series": {
              "pointPadding": 0,
              "groupPadding": 0,
              "borderWidth": 0,
              "shadow": false
            }
          },
          "xAxis": [
            {
              "type": "category"
            }
          ]
        }
      },
      {
        "id": "errorbar",
        "title": "Error bar",
        "icon": "column_errorbar",
        "desc": "Requires one data column for X values or categories, subsequently one data column for the series Y values. and two columns for the error bar series maximum and minimum.",
        "definition": {
          "chart": {
            "type": "column"
          },
          "series": [
            {
              "type": null
            },
            {
              "type": "errorbar",
              "showInLegend": true
            }
          ],
          "xAxis": [
            {
              "type": "category"
            }
          ]
        }
      }
    ]
  },
  {
    "id": "bar",
    "type": "Bar charts",
    "icon": "bar_basic",
    "templates": [
      {
        "id": "basic",
        "title": "Basic bar",
        "description": "Requires one data column for X values or categories, subsequently one data column for each series Y values.",
        "definition": {
          "chart": {
            "type": "column",
            "inverted": true
          },
          "xAxis": [
            {
              "type": "category"
            }
          ]
        }
      },
      {
        "id": "barWithNegativeStack",
        "title": "Bar with negative stack",
        "description": "Requires one data column for X values or categories, subsequently one data column for each series Y values.",
        "definition": {
          "chart": {
            "type": "bar"
          },
          "xAxis": [
            {
              "reversed": false,
              "labels": {
                "step": 1
              }
            },
            {
              "opposite": true,
              "reversed": false,
              "linkedTo": 0,
              "labels": {
                "step": 1
              }
            }
          ],
          "yAxis": [
            {
              "title": {
                "text": null
              },
              "labels": {
                "formatter": "function() {return Math.abs(this.value) + \"%\";}"
              }
            }
          ],
          "plotOptions": {
            "series": {
              "stacking": "normal"
            }
          },
          "tooltip": {
            "formatter": "function() { return \"<b>\" + this.series.name + \", age \" + this.point.category + \"</b><br/>\" +\"Population: \" + Highcharts.numberFormat(Math.abs(this.point.y), 0);}"
          }
        }
      },
      {
        "id": "basicWithLabels",
        "title": "Basic with labels",
        "icon": "bar_basic_labels",
        "description": "Requires one data column for X values or categories, subsequently one data column for each series Y values.",
        "definition": {
          "chart": {
            "type": "column",
            "inverted": true
          },
          "xAxis": [
            {
              "type": "category"
            }
          ],
          "plotOptions": {
            "series": {
              "dataLabels": {
                "enabled": true
              }
            }
          }
        }
      },
      {
        "id": "stacked",
        "title": "Stacked bar",
        "icon": "bar_stacked",
        "description": "Requires one data column for X values or categories, subsequently one data column for each series Y values.",
        "definition": {
          "chart": {
            "type": "column",
            "inverted": true
          },
          "plotOptions": {
            "series": {
              "stacking": "normal"
            }
          },
          "xAxis": [
            {
              "type": "category"
            }
          ]
        }
      },
      {
        "id": "stackedWithLabels",
        "title": "Stacked with labels",
        "icon": "bar_stacked_labels",
        "description": "Requires one data column for X values or categories, subsequently one data column for each series Y values.",
        "definition": {
          "chart": {
            "type": "column",
            "inverted": true
          },
          "plotOptions": {
            "series": {
              "stacking": "normal",
              "dataLabels": {
                "enabled": true
              }
            }
          },
          "xAxis": [
            {
              "type": "category"
            }
          ]
        }
      },
      {
        "id": "stackedPercentage",
        "title": "Stacked percentage bar",
        "icon": "bar_stacked_percentage",
        "description": "Requires one data column for X values or categories, subsequently one data column for each series Y values.",
        "definition": {
          "chart": {
            "type": "column",
            "inverted": true
          },
          "plotOptions": {
            "series": {
              "stacking": "percent"
            }
          },
          "xAxis": [
            {
              "type": "category"
            }
          ]
        }
      },
      {
        "id": "stackedPercentageWithLabels",
        "title": "Stacked percentage bar with labels",
        "icon": "bar_stacked_percentage_labels",
        "description": "Requires one data column for X values or categories, subsequently one data column for each series Y values.",
        "definition": {
          "chart": {
            "type": "column",
            "inverted": true
          },
          "plotOptions": {
            "series": {
              "stacking": "percent",
              "dataLabels": {
                "enabled": true
              }
            }
          },
          "xAxis": [
            {
              "type": "category"
            }
          ]
        }
      },
      {
        "id": "negativeColor",
        "title": "Negative color",
        "icon": "bar_negative_color",
        "description": "Requires one data column for X values or categories, subsequently one data column for each series Y values.",
        "definition": {
          "chart": {
            "type": "column",
            "inverted": true
          },
          "plotOptions": {
            "series": {
              "negativeColor": "#0088FF",
              "color": "#FF0000"
            }
          },
          "xAxis": [
            {
              "type": "category"
            }
          ]
        }
      },
      {
        "id": "multiColor",
        "title": "Multi color",
        "desc": "Requires one data column for X values or categories, subsequently one data column for each series Y values.",
        "definition": {
          "chart": {
            "type": "column",
            "inverted": true
          },
          "plotOptions": {
            "series": {
              "colorByPoint": true
            }
          },
          "xAxis": [
            {
              "type": "category"
            }
          ]
        }
      },
      {
        "id": "horizontalColumnrange",
        "title": "Horizontal columnrange",
        "icon": "bar_range",
        "desc": "Requires one data column for X values or categories, subsequently two data columns for each series Y values.",
        "definition": {
          "chart": {
            "type": "columnrange",
            "inverted": true
          },
          "xAxis": [
            {
              "type": "category"
            }
          ]
        }
      },
      {
        "id": "logarithmic",
        "title": "Logarithmic",
        "desc": "Requires one data column for X values or categories, subsequently one data column for each series Y values.",
        "definition": {
          "chart": {
            "type": "column",
            "inverted": true
          },
          "yAxis": [
            {
              "type": "logarithmic",
              "minorTickInterval": "auto"
            }
          ],
          "xAxis": [
            {
              "type": "category"
            }
          ]
        }
      },
      {
        "id": "horizontalColumnrangeWithLabels",
        "title": "Horizontal columnrange with labels",
        "icon": "bar_range_labels",
        "desc": "Requires one data column for X values or categories, subsequently two data columns for each series Y values.",
        "definition": {
          "chart": {
            "type": "columnrange",
            "inverted": true
          },
          "plotOptions": {
            "series": {
              "dataLabels": {
                "enabled": true
              }
            }
          },
          "xAxis": [
            {
              "type": "category"
            }
          ]
        }
      },
      {
        "id": "packedBars",
        "title": "Packed Bars",
        "icon": "bar_packed",
        "desc": "Requires one data column for X values or categories, subsequently one data column for each series Y values.",
        "definition": {
          "chart": {
            "type": "column",
            "inverted": true
          },
          "plotOptions": {
            "series": {
              "pointPadding": 0,
              "groupPadding": 0,
              "borderWidth": 0,
              "shadow": false
            }
          },
          "xAxis": [
            {
              "type": "category"
            }
          ]
        }
      },
      {
        "id": "errorbar",
        "title": "Error bar",
        "icon": "bar_errorbar",
        "desc": "Requires one data column for X values or categories, subsequently one data column for the series Y values. and two columns for the error bar series maximum and minimum.",
        "definition": {
          "chart": {
            "type": "column",
            "inverted": true
          },
          "xAxis": [
            {
              "type": "category"
            }
          ],
          "series": [
            {
              "type": null
            },
            {
              "type": "errorbar"
            }
          ]
        }
      }
    ]
  },
  {
    "id": "scatterAndBubble",
    "type": "Scatter and bubble",
    "icon": "spider",
    "templates": [
      {
        "id": "scatter",
        "icon": "scatter",
        "title": "Scatter chart",
        "description": "Requires one data column for X values and one for Y values.",
        "definition": {
          "chart": {
            "type": "scatter"
          }
        }
      },
      {
        "id": "bubble",
        "icon": "bubble",
        "title": "Bubble chart",
        "description": "Requires three data columns: one for X values, one for Y values and one for the size of the bubble (Z value).",
        "definition": {
          "chart": {
            "type": "bubble"
          }
        }
      }
    ]
  },
  {
    "id": "pie",
    "type": "Pie charts",
    "icon": "pie_basic",
    "templates": [
      {
        "id": "basic",
        "title": "Pie chart",
        "description": "Requires two data columns: one for slice names (shown in data labels) and one for their values.",
        "definition": {
          "chart": {
            "type": "pie"
          },
          "xAxis": [
            {
              "type": "category"
            }
          ]
        }
      },
      {
        "id": "withLegend",
        "title": "Pie chart with legend",
        "icon": "pie_legend",
        "description": "Requires two data columns: one for slice names (shown in legend) and one for their values.",
        "definition": {
          "chart": {
            "type": "pie"
          },
          "plotOptions": {
            "pie": {
              "allowPointSelect": true,
              "cursor": true,
              "showInLegend": true,
              "dataLabels": {
                "enabled": false
              }
            }
          },
          "xAxis": [
            {
              "type": "category"
            }
          ]
        }
      },
      {
        "id": "donut",
        "title": "Donut",
        "description": "Requires two data columns: one for slice names (shown in data labels) and one for their values.",
        "definition": {
          "chart": {
            "type": "pie"
          },
          "plotOptions": {
            "pie": {
              "allowPointSelect": true,
              "cursor": true,
              "innerSize": "60%",
              "dataLabels": {
                "enabled": true
              }
            }
          },
          "xAxis": [
            {
              "type": "category"
            }
          ]
        }
      },
      {
        "id": "donutWithLegend",
        "title": "Donut with legend",
        "description": "Requires two data columns: one for slice names (shown in legend) and one for their values.",
        "definition": {
          "chart": {
            "type": "pie"
          },
          "plotOptions": {
            "pie": {
              "allowPointSelect": true,
              "cursor": true,
              "showInLegend": true,
              "innerSize": "60%",
              "dataLabels": {
                "enabled": false
              }
            }
          },
          "xAxis": [
            {
              "type": "category"
            }
          ]
        }
      },
      {
        "id": "semiCircleDonut",
        "icon": "pie_half_donut",
        "title": "Semi circle donut",
        "description": "Requires two data columns: one for slice names (shown in data labels) and one for their values.",
        "definition": {
          "chart": {
            "type": "pie"
          },
          "plotOptions": {
            "pie": {
              "allowPointSelect": false,
              "dataLabels": {
                "distance": -30,
                "style": {
                  "fontWeight": "bold",
                  "color": "white",
                  "textShadow": "0px 1px 2px black"
                }
              },
              "innerSize": "50%",
              "startAngle": -90,
              "endAngle": 90,
              "center": [
                "50%",
                "75%"
              ]
            },
            "series": {
              "dataLabels": {
                "enabled": true
              }
            }
          },
          "xAxis": [
            {
              "type": "category"
            }
          ]
        }
      }
    ]
  },
  {
    "id": "polar",
    "type": "Polar charts",
    "icon": "placeholder",
    "templates": [
      {
        "id": "line",
        "title": "Polar line",
        "description": "Requires one column for X values or categories (labels around the perimeter), subsequently one column for each series Y values (plotted from center and out).",
        "definition": {
          "chart": {
            "type": "line",
            "polar": true
          },
          "xAxis": [
            {
              "type": "category"
            }
          ]
        }
      },
      {
        "id": "spider",
        "title": "Spider line",
        "description": "Requires one column for X values or categories (labels around the perimeter), subsequently one column for each series Y values (plotted from center and out).",
        "definition": {
          "chart": {
            "type": "line",
            "polar": true
          },
          "xAxis": [
            {
              "type": "category",
              "tickmarkPlacement": "on",
              "lineWidth": 0
            }
          ],
          "yAxis": [
            {
              "lineWidth": 0,
              "gridLineInterpolation": "polygon"
            }
          ]
        }
      },
      {
        "id": "area",
        "title": "Polar area",
        "description": "Requires one column for X values or categories (labels around the perimeter), subsequently one column for each series Y values (plotted from center and out).",
        "definition": {
          "chart": {
            "type": "area",
            "polar": true
          },
          "xAxis": [
            {
              "type": "category"
            }
          ]
        }
      },
      {
        "id": "spiderArea",
        "title": "Spider area",
        "description": "Requires one column for X values or categories (labels around the perimeter), subsequently one column for each series Y values (plotted from center and out).",
        "definition": {
          "chart": {
            "type": "area",
            "polar": true
          },
          "xAxis": [
            {
              "type": "category",
              "tickmarkPlacement": "on",
              "lineWidth": 0
            }
          ],
          "yAxis": [
            {
              "lineWidth": 0,
              "gridLineInterpolation": "polygon"
            }
          ]
        }
      }
    ]
  },
  {
    "id": "combinationCharts",
    "type": "combination charts",
    "icon": "placeholder",
    "templates": [
      {
        "id": "multipleAxes",
        "title": "Multiple axes",
        "description": "Requires one column for X values or categories (labels around the perimeter), subsequently one column for each series Y values (plotted from center and out).",
        "definition": {
          "chart": {
            "zoomType": "xy"
          },
          "title": {
            "text": "Average Monthly Weather Data for Tokyo"
          },
          "subtitle": {
            "text": "Source: WorldClimate.com"
          },
          "xAxis": [
            {
              "type": "category",
              "crosshair": true
            }
          ],
          "yAxis": [
            {
              // Primary yAxis
              "labels": {
                "format": "{value}°C",
                "style": {
                  "color": "function(){return Highcharts.getOptions().colors[2]}()"
                }
              },
              "title": {
                "text": "Temperature",
                "style": {
                  "color": "function(){return Highcharts.getOptions().colors[2]}()"
                }
              },
              "opposite": true
            },
            {
              // Secondary yAxis
              "gridLineWidth": 0,
              "title": {
                "text": "Rainfall",
                "style": {
                  "color": "function(){return Highcharts.getOptions().colors[0]}()"
                }
              },
              "labels": {
                "format": "{value} mm",
                "style": {
                  "color": "function(){return Highcharts.getOptions().colors[0]}()"
                }
              }
            },
            {
              // Tertiary yAxis
              "gridLineWidth": 0,
              "title": {
                "text": "Sea-Level Pressure",
                "style": {
                  "color": "function(){return Highcharts.getOptions().colors[1]}()"
                }
              },
              "labels": {
                "format": "{value} mb",
                "style": {
                  "color": "function(){return Highcharts.getOptions().colors[1]}()"
                }
              },
              "opposite": true
            }
          ],
          "tooltip": {
            "shared": true
          },
          "legend": {
            "layout": "vertical",
            "align": "left",
            "x": 80,
            "verticalAlign": "top",
            "y": 55,
            "floating": true,
            "backgroundColor": "function(){return (Highcharts.theme && Highcharts.theme.legendBackgroundColor) || \"#FFFFFF\"}"
          },
          "series": [
            {
              "type": "column",
              "yAxis": 1,
              "tooltip": {
                "valueSuffix": " mm"
              }
            },
            {
              "type": "spline",
              "yAxis": 2,
              "marker": {
                "enabled": false
              },
              "dashStyle": "shortdot",
              "tooltip": {
                "valueSuffix": " mb"
              }
            },
            {
              "type": "spline",
              "tooltip": {
                "valueSuffix": " °C"
              }
            }
          ]
        }
      },
      {
        "id": "scatterWithLine",
        "title": "Scatter with line",
        "description": "Requires one data column for X values and one for Y values.",
        "definition": {
          "chart": {
            "type": "scatter"
          },
          "plotOptions": {
            "series": {
              "lineWidth": 1
            }
          }
        }
      },
      {
        "id": "scatterWithLineNoMarker",
        "title": "Scatter with line, no marker",
        "description": "Requires one data column for X values and one for Y values.",
        "definition": {
          "chart": {
            "type": "scatter"
          },
          "plotOptions": {
            "series": {
              "lineWidth": 1,
              "marker": {
                "enabled": false
              }
            }
          }
        }
      },
      {
        "id": "combinationColumn",
        "title": "Combination chart",
        "desc": "Requires one column for X values or categories, subsequently one column for each series Y values.",
        "definition": {
          "chart": {
            "type": "line"
          },
          "xAxis": [
            {
              "type": "category"
            }
          ],
          "series": [
            {
              "type": null
            },
            {
              "type": "column"
            }
          ]
        }
      },
      {
        "id": "colSplinePie",
        "title": "Combination chart (col, spline, pie)",
        "desc": "Requires one column for X values or categories, subsequently one column for each series Y values.",
        "definition": {
          "title": {
            "text": "Combination chart"
          },
          "xAxis": {
            "type": "category"
          },
          "labels": {
            "items": [
              {
                "html": "Total fruit consumption",
                "style": {
                  "left": "50px",
                  "top": "18px",
                  "color": "function(){return (Highcharts.theme && Highcharts.theme.textColor) || \"black\"}"
                }
              }
            ]
          },
          "series": [
            {
              "type": "column",
              "name": "Jane"
            },
            {
              "type": "column",
              "name": "John"
            },
            {
              "type": "column",
              "name": "Joe"
            },
            {
              "type": "spline",
              "name": "Average",
              "marker": {
                "lineWidth": 2,
                "lineColor": "function(){return Highcharts.getOptions().colors[3]}()",
                "fillColor": "white"
              }
            },
            {
              "type": "pie",
              "center": [
                100,
                80
              ],
              "size": 100,
              "showInLegend": false,
              "dataLabels": {
                "enabled": false
              }
            }
          ]
        }
      }
    ]
  },
  {
    "id": "3d",
    "type": "3D charts",
    "icon": "placeholder",
    "templates": [
      {
        "id": "3d",
        "title": "Column 3D",
        "description": "Grouped column chart. Requires one data column for X values or categories, subsequently one data column for each series Y values.",
        "definition": {
          "chart": {
            "type": "column",
            "margin": 75,
            "options3d": {
              "enabled": true,
              "alpha": 15,
              "beta": 15,
              "depth": 50,
              "viewDistance": 15
            }
          },
          "plotOptions": {
            "column": {
              "depth": 25
            }
          },
          "xAxis": [
            {
              "type": "category"
            }
          ]
        }
      },
      {
        "id": "stacked3d",
        "title": "Stacked 3D",
        "description": "Requires one data column for X values or categories, subsequently one data column for each series Y values.",
        "definition": {
          "chart": {
            "type": "column",
            "margin": 75,
            "options3d": {
              "enabled": true,
              "alpha": 15,
              "beta": 15,
              "depth": 50,
              "viewDistance": 15
            }
          },
          "plotOptions": {
            "column": {
              "depth": 25
            },
            "series": {
              "stacking": "normal"
            }
          },
          "xAxis": [
            {
              "type": "category"
            }
          ]
        }
      },
      {
        "id": "3d",
        "title": "3D pie chart",
        "description": "Requires two data columns: one for slice names (shown in data labels) and one for their values.",
        "definition": {
          "chart": {
            "type": "pie",
            "options3d": {
              "enabled": true,
              "alpha": 45,
              "beta": 0
            }
          },
          "plotOptions": {
            "pie": {
              "allowPointSelect": true,
              "depth": 35,
              "cursor": "pointer"
            },
            "series": {
              "dataLabels": {
                "enabled": true
              }
            }
          },
          "xAxis": [
            {
              "type": "category"
            }
          ]
        }
      },
      {
        "id": "3dWithLegend",
        "title": "3D pie with legend",
        "description": "Requires two data columns: one for slice names (shown in legend) and one for their values.",
        "definition": {
          "chart": {
            "type": "pie",
            "options3d": {
              "enabled": true,
              "alpha": 45,
              "beta": 0
            }
          },
          "plotOptions": {
            "pie": {
              "allowPointSelect": true,
              "depth": 35,
              "cursor": "pointer",
              "showInLegend": true,
              "dataLabels": {
                "enabled": false
              }
            }
          },
          "xAxis": [
            {
              "type": "category"
            }
          ]
        }
      },
      {
        "id": "3dDonut",
        "title": "3D donut chart",
        "description": "Requires two data columns: one for slice names (shown in data labels) and one for their values.",
        "definition": {
          "chart": {
            "type": "pie",
            "options3d": {
              "enabled": true,
              "alpha": 45,
              "beta": 0
            }
          },
          "plotOptions": {
            "pie": {
              "allowPointSelect": true,
              "depth": 35,
              "innerSize": "60%",
              "cursor": "pointer"
            },
            "series": {
              "dataLabels": {
                "enabled": true
              }
            }
          }
        }
      },
      {
        "id": "3dDonut",
        "title": "3D donut chart",
        "description": "Requires two data columns: one for slice names (shown in data labels) and one for their values.",
        "definition": {
          "chart": {
            "type": "pie",
            "options3d": {
              "enabled": true,
              "alpha": 45,
              "beta": 0
            }
          },
          "plotOptions": {
            "pie": {
              "allowPointSelect": true,
              "depth": 35,
              "innerSize": "60%",
              "cursor": "pointer"
            },
            "series": {
              "dataLabels": {
                "enabled": true
              }
            }
          }
        }
      },
      {
        "id": "3dDonutWithLegend",
        "title": "3D donut chart with legend",
        "description": "Requires two data columns: one for slice names (shown in legend) and one for their values.",
        "definition": {
          "chart": {
            "type": "pie",
            "options3d": {
              "enabled": true,
              "alpha": 45,
              "beta": 0
            }
          },
          "plotOptions": {
            "pie": {
              "allowPointSelect": true,
              "depth": 35,
              "cursor": "pointer",
              "showInLegend": true,
              "innerSize": "60%"
            },
            "series": {
              "dataLabels": {
                "enabled": false
              }
            }
          },
          "xAxis": [
            {
              "type": "category"
            }
          ]
        }
      }
    ]
  },
  {
    "id": "dashboard",
    "type": "Dashboard charts",
    "icon": "placeholder",
    "templates": [
      {
        "id": "appleWatch",
        "title": "Activity Gauge (Apple Watch)",
        "description": "",
        "definition": {
          "chart": {
            "type": "solidgauge",
            "marginTop": 50,
            "backgroundColor": "black",
            "width": 400,
            "events": {
              "load": "function() {this.renderer.path([ \"M\", -8, 0, \"L\", 8, 0, \"M\", 0, -8, \"L\", 8, 0, 0, 8]).attr({\"stroke\": \"#303030\",\"stroke-linecap\": \"round\",\"stroke-linejoin\": \"round\",\"stroke-width\": 2,\"zIndex\": 10}).translate(190, 26).add(this.series[2].group);this.renderer.path([\"M\", -8, 0, \"L\", 8, 0, \"M\", 0, -8, \"L\", 8, 0, 0, 8, \"M\", 8, -8, \"L\", 16, 0, 8, 8]).attr({\"stroke\": \"#303030\", \"stroke-linecap\": \"round\", \"stroke-linejoin\": \"round\", \"stroke-width\": 2, \"zIndex\": 10}).translate(190, 61).add(this.series[2].group);this.renderer.path([\"M\", 0, 8, \"L\", 0, -8, \"M\", -8, 0, \"L\", 0, -8, 8, 0]).attr({\"stroke\": \"#303030\",\"stroke-linecap\": \"round\", \"stroke-linejoin\": \"round\", \"stroke-width\": 2, \"zIndex\": 10}).translate(190, 96).add(this.series[2].group);}"
            }
          },
          "title": {
            "text": "Activity",
            "style": {
              "fontSize": "24px",
              "color": "silver"
            }
          },
          "tooltip": {
            "borderWidth": 0,
            "backgroundColor": "none",
            "shadow": false,
            "style": {
              "fontSize": "16px",
              "color": "silver"
            },
            "positioner": "function (labelWidth, labelHeight) {return {x: 200 - labelWidth / 2,y: 180}}",
            "pointFormat": "{series.name}<br><span style=\"font-size:2em; color: {point.color}; font-weight: bold\">{point.y}%</span>"
          },
          "pane": {
            "startAngle": 0,
            "endAngle": 360,
            "background": [
              {
                // Track for Move
                "outerRadius": "112%",
                "innerRadius": "88%",
                "backgroundColor": "function(){return Highcharts.Color(Highcharts.getOptions().colors[0]).setOpacity(0.3).get()}()",
                "borderWidth": 0
              },
              {
                // Track for Exercise
                "outerRadius": "87%",
                "innerRadius": "63%",
                "backgroundColor": "function(){return Highcharts.Color(Highcharts.getOptions().colors[1]).setOpacity(0.3).get()}()",
                "borderWidth": 0
              },
              {
                // Track for Stand
                "outerRadius": "62%",
                "innerRadius": "38%",
                "backgroundColor": "function(){return Highcharts.Color(Highcharts.getOptions().colors[2]).setOpacity(0.3).get()}()",
                "borderWidth": 0
              }
            ]
          },
          "yAxis": [
            {
              "min": 0,
              "max": 100,
              "lineWidth": 0,
              "tickPositions": []
            }
          ],
          "plotOptions": {
            "solidgauge": {
              "borderWidth": "34px",
              "dataLabels": {
                "enabled": false
              },
              "linecap": "round",
              "stickyTracking": false
            }
          },
          "series": [
            {
              "borderColor": "function(){return Highcharts.getOptions().colors[0]}()",
              "data": [
                {
                  "color": "function(){return Highcharts.getOptions().colors[0]}()",
                  "radius": "100%",
                  "innerRadius": "100%"
                }
              ]
            },
            {
              "borderColor": "function(){return Highcharts.getOptions().colors[1]}()",
              "data": [
                {
                  "color": "function(){return Highcharts.getOptions().colors[1]}()",
                  "radius": "75%",
                  "innerRadius": "75%"
                }
              ]
            },
            {
              "borderColor": "function(){return Highcharts.getOptions().colors[2]}()",
              "data": [
                {
                  "color": "function(){return Highcharts.getOptions().colors[2]}()",
                  "radius": "50%",
                  "innerRadius": "50%"
                }
              ]
            }
          ]
        }
      },
      {
        "id": "solid-gauge-arc",
        "title": "Solid Gauge",
        "description": "",
        "definition": {
          "chart": {
            "type": "solidgauge"
          },
          "title": {
            "text": null
          },
          "pane": {
            "center": [
              "50%",
              "85%"
            ],
            "size": "120%",
            "startAngle": -90,
            "endAngle": 90,
            "background": {
              "backgroundColor": "#EEE",
              "innerRadius": "80%",
              "outerRadius": "100%",
              "shape": "arc"
            }
          },
          "tooltip": {
            "enabled": false
          },
          // the value axis
          "yAxis": [
            {
              "stops": [
                [
                  0.1,
                  "#55BF3B"
                ],
                [
                  0.5,
                  "#DDDF0D"
                ],
                [
                  0.9,
                  "#DF5353"
                ]
              ],
              "lineWidth": 0,
              "minorTickInterval": null,
              "tickPixelInterval": 400,
              "tickWidth": 0,
              "labels": {
                "y": 16
              },
              "min": 0,
              "max": 25000,
              "title": {
                "text": "GWh",
                "y": -70
              }
            }
          ],
          "plotOptions": {
            "series": {
              "dataLabels": {
                "y": 5,
                "borderWidth": 0,
                "useHTML": true
              }
            }
          },
          "series": [
            {
              "name": "GWh",
              "dataLabels": {
                "format": "<div style='text-align:center'><span style='font-size:50px;color:black'>{y}</span><br/><span style='font-size:12px;color:silver'>km/h</span></div>"
              },
              "tooltip": {
                "valueSuffix": "GWh"
              }
            }
          ]
        }
      },
      {
        "id": "solid-gauge",
        "title": "Solid Gauge",
        "description": "",
        "definition": {
          "chart": {
            "type": "solidgauge"
          },
          "title": {"text": null},
          "pane": {
            "background": {
              "backgroundColor": "#EEE",
              "innerRadius": "80%",
              "outerRadius": "100%",
              "borderWidth": 0
            }
          },
          "tooltip": {
            "enabled": false
          },
          "legend": {
            "enabled": false
          },
          "credits": {
            "enabled": false
          },
          "yAxis": [
            {
              "min": 0,
              "max": 25000,
              "title": {
                "text": "GWh"
              },
              "stops": [
                [
                  0.1,
                  "#DF5353"
                ],
                [
                  0.5,
                  "#DDDF0D"
                ],
                [
                  0.9,
                  "#55BF3B"
                ]
              ],
              "lineWidth": 0,
              "minorTickInterval": null,
              "tickPixelInterval": 400,
              "tickWidth": 0,
              "title": {
                "y": -70
              },
              "labels": {
                "y": 16,
                "enabled": false
              }
            }
          ],
          "plotOptions": {
            "series": {
              "dataLabels": {
                "format": "<div style='text-align:center;'><span style='font-size:30px;color:black;'>{y}</span><br/><span style='font-size:12px;color:silver;'>GWh</span></div>",
                "y": -25,
                "borderWidth": 0,
                "useHTML": true
              },
              "tooltip": {
                "valueSuffix": "GWh"
              }
            }
          },
          "series": [
            {
              "name": "hernieuwbare energie",
              "data": [
                {
                  "y": 15262,
                  "radius": "100%",
                  "innerRadius": "80%"
                }
              ]
            }
          ]
        }
      },
      {
        "id": "gauge",
        "title": "Gauge",
        "description": "",
        "definition": {
          "plotOptions": {
            "gauge": {
              "dial": {
                "rearLength": 0,
                "baseWidth": 16,
                "baseLength": 0,
                "radius": "80%",
                "backgroundColor": "silver"
              },
              "pivot": {
                "backgroundColor": "silver",
                "borderColor": "silver",
                "borderWidth": 0,
                "radius": 8
              }
            }
          },
          "chart": {
            "type": "gauge",
            "plotBackgroundColor": null,
            "plotBackgroundImage": null,
            "plotBorderWidth": 0,
            "plotShadow": false
          },
          "title": {
            "text": null
          },
          "credits": {
            "enabled": false
          },
          "pane": {
            "startAngle": -150,
            "endAngle": 150,
            "size": "100%",
            "background": [
              {
                "backgroundColor": "#eee",
                "borderWidth": 0,
                "outerRadius": "100%",
                "innerRadius": "70%"
              }
            ]
          },
          "yAxis": [{
            "min": 0,
            "max": 30000,
            "minorTickInterval": "auto",
            "minorTickWidth": 1,
            "minorTickLength": 5,
            "minorTickPosition": "inside",
            "minorTickColor": "#fff",
            "tickWidth": 0,
            "tickPosition": "inside",
            "tickLength": 10,
            "tickColor": "#666",
            "labels": {
              "step": 2,
              "rotation": "auto"
            },
            "title": {
              "text": "GWh"
            },
            "plotBands": [
              {
                "from": 0,
                "to": 20000,
                "color": "#DF5353",
                "thickness": 5
              },
              {
                "from": 20000,
                "to": 25000,
                "color": "#DDDF0D",
                "thickness": 5
              },
              {
                "from": 25000,
                "to": 30000,
                "color": "#55BF3B",
                "thickness": 5
              }
            ]
          }],
          "tooltip": {
            "enabled": false
          },
          "series": [
            {
              "name": "GWh",

              "dataLabels": {
                "format": "<div style=\"text-align:center\"><span style=\"font-size:25px;color:black\">{y}<\/span><br/><span style=\"font-size:12px;color:silver;\">GWh<\/span><\/div>",
                "borderWidth": 0
              }
            }
          ]
        }
      }
    ]
  }
]